 這封模擬郵件中，你覺得最可疑的地方是？  ,  看到登入頁後，你覺得它的可信度如何？  ,  接受這次訓練後，你對釣魚郵件的警覺性有提升嗎？  ,你最希望未來加強哪方面的反詐騙技巧？ ,  你覺得這次模擬體驗的真實度如何？,participant_id
"郵件語氣過於急迫, 內容用字或表達方式異常",5,5,寄件者驗證,5,P0001
郵件語氣過於急迫,5,3,寄件者驗證,4,P0002
網頁或郵件設計不一致,3,4,URL/網域檢查,4,P0003
按鈕網址,5,5,假網頁辨識,3,P0004
寄件者地址,5,5,社交工程的心理技巧,3,P0005
"寄件者地址, 按鈕網址, 網頁或郵件設計不一致",5,5,假網頁辨識,4,P0006
內容用字或表達方式異常,1,4,假網頁辨識,4,P0007
網頁或郵件設計不一致,4,4,社交工程的心理技巧,5,P0008
"郵件語氣過於急迫, 網頁或郵件設計不一致",5,5,URL/網域檢查,4,P0009
"按鈕網址, 網頁或郵件設計不一致",5,3,社交工程的心理技巧,4,P0010
按鈕網址,5,5,假網頁辨識,4,P0011
"寄件者地址, 按鈕網址, 網頁或郵件設計不一致",5,5,寄件者驗證,5,P0012
內容用字或表達方式異常,2,4,URL/網域檢查,4,P0013
"寄件者地址, 郵件語氣過於急迫, 網頁或郵件設計不一致",5,4,寄件者驗證,4,P0014
寄件者地址,5,5,假網頁辨識,4,P0015
"郵件語氣過於急迫, 按鈕網址, 內容用字或表達方式異常",5,5,假網頁辨識,5,P0016
"郵件語氣過於急迫, 內容用字或表達方式異常",5,4,寄件者驗證,4,P0017
當下沒有特別察覺到可疑之處,5,5,URL/網域檢查,5,P0018
當下沒有特別察覺到可疑之處,5,4,URL/網域檢查,4,P0019
當下沒有特別察覺到可疑之處,5,5,社交工程的心理技巧,4,P0020
按鈕網址,5,3,URL/網域檢查,3,P0021
"寄件者地址, 按鈕網址, 網頁或郵件設計不一致",5,5,假網頁辨識,5,P0022
寄件者地址,5,5,假網頁辨識,4,P0023
"寄件者地址, 郵件語氣過於急迫, 內容用字或表達方式異常",5,4,假網頁辨識,4,P0024
"寄件者地址, 按鈕網址, 網頁或郵件設計不一致",5,5,社交工程的心理技巧,3,P0025
寄件者地址,4,4,URL/網域檢查,4,P0026
"寄件者地址, 郵件語氣過於急迫, 按鈕網址",5,5,假網頁辨識,5,P0027
"寄件者地址, 郵件語氣過於急迫, 內容用字或表達方式異常",5,4,寄件者驗證,2,P0028
"郵件語氣過於急迫, 按鈕網址",3,5,URL/網域檢查,2,P0029
"寄件者地址, 按鈕網址, 網頁或郵件設計不一致",4,3,社交工程的心理技巧,5,P0030
按鈕網址,4,5,寄件者驗證,5,P0031
寄件者地址,1,4,URL/網域檢查,4,P0032
"郵件語氣過於急迫, 按鈕網址, 內容用字或表達方式異常",5,3,URL/網域檢查,5,P0033
"寄件者地址, 郵件語氣過於急迫, 內容用字或表達方式異常",3,2,URL/網域檢查,3,P0034
寄件者地址,4,4,社交工程的心理技巧,4,P0035
寄件者地址,5,4,寄件者驗證,5,P0036
"郵件語氣過於急迫, 按鈕網址, 網頁或郵件設計不一致",5,5,社交工程的心理技巧,3,P0037
"寄件者地址, 按鈕網址, 內容用字或表達方式異常",5,5,URL/網域檢查,3,P0038
"寄件者地址, 網頁或郵件設計不一致",4,4,社交工程的心理技巧,4,P0039
按鈕網址,4,5,社交工程的心理技巧,4,P0040
"寄件者地址, 按鈕網址",5,4,寄件者驗證,4,P0041
"寄件者地址, 郵件語氣過於急迫",3,5,假網頁辨識,5,P0042
按鈕網址,4,5,URL/網域檢查,3,P0043
寄件者地址,4,4,URL/網域檢查,4,P0044
"按鈕網址, 內容用字或表達方式異常",3,4,URL/網域檢查,4,P0045
"寄件者地址, 按鈕網址",3,5,假網頁辨識,5,P0046
寄件者地址,1,5,假網頁辨識,5,P0047
"郵件語氣過於急迫, 網頁或郵件設計不一致, 內容用字或表達方式異常",1,5,社交工程的心理技巧,3,P0048
當下沒有特別察覺到可疑之處,4,5,假網頁辨識,3,P0049
當下沒有特別察覺到可疑之處,3,5,社交工程的心理技巧,5,P0050
內容用字或表達方式異常,4,4,社交工程的心理技巧,4,P0051
內容用字或表達方式異常,5,5,URL/網域檢查,4,P0052
"寄件者地址, 郵件語氣過於急迫, 按鈕網址",3,5,假網頁辨識,4,P0053
網頁或郵件設計不一致,4,4,假網頁辨識,5,P0054
"寄件者地址, 按鈕網址, 內容用字或表達方式異常",4,5,URL/網域檢查,5,P0055
"按鈕網址, 內容用字或表達方式異常",4,3,假網頁辨識,4,P0056
網頁或郵件設計不一致,5,4,URL/網域檢查,4,P0057
按鈕網址,4,4,寄件者驗證,4,P0058
"寄件者地址, 內容用字或表達方式異常",4,4,假網頁辨識,4,P0059
"郵件語氣過於急迫, 按鈕網址, 內容用字或表達方式異常",4,4,URL/網域檢查,3,P0060
"按鈕網址, 內容用字或表達方式異常",3,4,寄件者驗證,5,P0061
寄件者地址,3,4,假網頁辨識,5,P0062
郵件語氣過於急迫,4,4,URL/網域檢查,4,P0063
"寄件者地址, 郵件語氣過於急迫, 內容用字或表達方式異常",5,5,假網頁辨識,5,P0064
"寄件者地址, 郵件語氣過於急迫, 按鈕網址",4,4,假網頁辨識,4,P0065
寄件者地址,4,5,URL/網域檢查,5,P0066
"寄件者地址, 郵件語氣過於急迫, 按鈕網址",5,5,社交工程的心理技巧,4,P0067
"郵件語氣過於急迫, 網頁或郵件設計不一致, 內容用字或表達方式異常",1,5,URL/網域檢查,5,P0068
"寄件者地址, 按鈕網址",3,4,寄件者驗證,5,P0069
"寄件者地址, 郵件語氣過於急迫, 按鈕網址",4,3,社交工程的心理技巧,3,P0070
按鈕網址,5,4,社交工程的心理技巧,4,P0071
寄件者地址,4,5,寄件者驗證,4,P0072
"寄件者地址, 郵件語氣過於急迫, 按鈕網址",5,5,URL/網域檢查,5,P0073
"寄件者地址, 按鈕網址",4,4,社交工程的心理技巧,4,P0074
寄件者地址,4,5,社交工程的心理技巧,5,P0075
寄件者地址,2,4,URL/網域檢查,4,P0076
"寄件者地址, 郵件語氣過於急迫, 按鈕網址",3,4,URL/網域檢查,4,P0077
"寄件者地址, 郵件語氣過於急迫, 按鈕網址",4,3,寄件者驗證,5,P0078
"郵件語氣過於急迫, 按鈕網址, 內容用字或表達方式異常",3,5,假網頁辨識,5,P0079
寄件者地址,4,3,社交工程的心理技巧,5,P0080
按鈕網址,5,4,URL/網域檢查,5,P0081
"內容用字或表達方式異常, 當下沒有特別察覺到可疑之處",1,3,假網頁辨識,4,P0082
寄件者地址,4,4,假網頁辨識,3,P0083
寄件者地址,3,4,社交工程的心理技巧,5,P0084
網頁或郵件設計不一致,3,4,URL/網域檢查,4,P0085
郵件語氣過於急迫,4,5,URL/網域檢查,3,P0086
郵件語氣過於急迫,4,4,URL/網域檢查,3,P0087
內容用字或表達方式異常,4,3,假網頁辨識,5,P0088
郵件語氣過於急迫,3,4,URL/網域檢查,5,P0089
"寄件者地址, 按鈕網址",4,5,URL/網域檢查,1,P0090
郵件語氣過於急迫,1,5,社交工程的心理技巧,1,P0091
按鈕網址,4,4,社交工程的心理技巧,3,P0092
"按鈕網址, 內容用字或表達方式異常",1,5,社交工程的心理技巧,5,P0093
"寄件者地址, 按鈕網址, 內容用字或表達方式異常",2,4,假網頁辨識,3,P0094
"寄件者地址, 郵件語氣過於急迫, 內容用字或表達方式異常",1,5,URL/網域檢查,5,P0095
"寄件者地址, 郵件語氣過於急迫, 按鈕網址, 網頁或郵件設計不一致, 內容用字或表達方式異常",3,4,URL/網域檢查,4,P0096
按鈕網址,3,5,假網頁辨識,5,P0097
網頁或郵件設計不一致,1,4,假網頁辨識,4,P0098
"寄件者地址, 郵件語氣過於急迫, 按鈕網址",2,4,假網頁辨識,4,P0099
"寄件者地址, 按鈕網址, 網頁或郵件設計不一致, 當下沒有特別察覺到可疑之處",4,4,URL/網域檢查,5,P0100
內容用字或表達方式異常,4,4,URL/網域檢查,4,P0101
"寄件者地址, 郵件語氣過於急迫, 網頁或郵件設計不一致",1,5,假網頁辨識,3,P0102
"寄件者地址, 按鈕網址, 網頁或郵件設計不一致, 內容用字或表達方式異常",1,4,寄件者驗證,5,P0103
寄件者地址,3,4,假網頁辨識,5,P0104
當下沒有特別察覺到可疑之處,4,4,假網頁辨識,5,P0105
寄件者地址,1,5,URL/網域檢查,5,P0106
當下沒有特別察覺到可疑之處,4,5,假網頁辨識,5,P0107
當下沒有特別察覺到可疑之處,4,5,假網頁辨識,5,P0108
按鈕網址,3,4,假網頁辨識,4,P0109
郵件語氣過於急迫,2,5,寄件者驗證,5,P0110
"寄件者地址, 郵件語氣過於急迫, 按鈕網址, 網頁或郵件設計不一致, 內容用字或表達方式異常",2,4,寄件者驗證,4,P0111
"寄件者地址, 郵件語氣過於急迫, 按鈕網址",4,4,URL/網域檢查,2,P0112
"寄件者地址, 按鈕網址",1,4,社交工程的心理技巧,2,P0113
"寄件者地址, 郵件語氣過於急迫, 內容用字或表達方式異常",4,2,假網頁辨識,4,P0114
"郵件語氣過於急迫, 按鈕網址",3,5,寄件者驗證,5,P0115
寄件者地址,3,4,URL/網域檢查,3,P0116
"寄件者地址, 郵件語氣過於急迫, 按鈕網址",2,5,假網頁辨識,4,P0117
"郵件語氣過於急迫, 按鈕網址, 網頁或郵件設計不一致",4,3,寄件者驗證,5,P0118
按鈕網址,4,5,寄件者驗證,5,P0119
寄件者地址,5,4,社交工程的心理技巧,5,P0120
"寄件者地址, 郵件語氣過於急迫, 按鈕網址",2,4,URL/網域檢查,4,P0121
按鈕網址,4,5,假網頁辨識,4,P0122
內容用字或表達方式異常,4,2,寄件者驗證,5,P0123
"按鈕網址, 網頁或郵件設計不一致",5,4,寄件者驗證,4,P0124
網頁或郵件設計不一致,5,5,URL/網域檢查,3,P0125
寄件者地址,4,4,寄件者驗證,2,P0126
"郵件語氣過於急迫, 網頁或郵件設計不一致, 內容用字或表達方式異常",4,4,寄件者驗證,3,P0127
內容用字或表達方式異常,4,5,社交工程的心理技巧,4,P0128
郵件語氣過於急迫,3,3,假網頁辨識,4,P0129
"寄件者地址, 內容用字或表達方式異常",3,1,假網頁辨識,5,P0130
按鈕網址,3,5,社交工程的心理技巧,4,P0131
"寄件者地址, 郵件語氣過於急迫, 按鈕網址, 內容用字或表達方式異常",4,4,假網頁辨識,3,P0132
郵件語氣過於急迫,5,4,寄件者驗證,4,P0133
"按鈕網址, 網頁或郵件設計不一致",4,5,社交工程的心理技巧,4,P0134
"郵件語氣過於急迫, 網頁或郵件設計不一致",4,5,假網頁辨識,3,P0135
"郵件語氣過於急迫, 按鈕網址, 內容用字或表達方式異常",1,5,寄件者驗證,5,P0136
"寄件者地址, 按鈕網址, 網頁或郵件設計不一致",3,5,寄件者驗證,5,P0137
網頁或郵件設計不一致,5,4,URL/網域檢查,4,P0138
"郵件語氣過於急迫, 內容用字或表達方式異常",3,4,寄件者驗證,5,P0139
當下沒有特別察覺到可疑之處,5,5,假網頁辨識,5,P0140
"寄件者地址, 郵件語氣過於急迫, 按鈕網址",5,4,URL/網域檢查,4,P0141
內容用字或表達方式異常,3,5,假網頁辨識,4,P0142
"郵件語氣過於急迫, 按鈕網址, 內容用字或表達方式異常",1,4,寄件者驗證,5,P0143
寄件者地址,3,4,URL/網域檢查,3,P0144
"郵件語氣過於急迫, 內容用字或表達方式異常",5,4,URL/網域檢查,4,P0145
"寄件者地址, 郵件語氣過於急迫, 按鈕網址, 網頁或郵件設計不一致, 內容用字或表達方式異常",3,5,寄件者驗證,5,P0146
內容用字或表達方式異常,3,5,寄件者驗證,4,P0147
網頁或郵件設計不一致,1,5,URL/網域檢查,4,P0148
"郵件語氣過於急迫, 按鈕網址",4,5,寄件者驗證,5,P0149
"按鈕網址, 網頁或郵件設計不一致, 內容用字或表達方式異常",3,4,URL/網域檢查,4,P0150
內容用字或表達方式異常,5,5,假網頁辨識,5,P0151
"寄件者地址, 郵件語氣過於急迫, 按鈕網址",4,5,假網頁辨識,4,P0152
寄件者地址,4,5,URL/網域檢查,5,P0153
郵件語氣過於急迫,4,4,URL/網域檢查,3,P0154
網頁或郵件設計不一致,4,4,URL/網域檢查,2,P0155
"寄件者地址, 郵件語氣過於急迫, 內容用字或表達方式異常",3,4,社交工程的心理技巧,2,P0156
寄件者地址,4,2,社交工程的心理技巧,5,P0157
"寄件者地址, 按鈕網址, 內容用字或表達方式異常",4,4,URL/網域檢查,4,P0158
當下沒有特別察覺到可疑之處,4,3,URL/網域檢查,4,P0159
"寄件者地址, 郵件語氣過於急迫, 網頁或郵件設計不一致",4,5,URL/網域檢查,5,P0160
郵件語氣過於急迫,4,4,URL/網域檢查,3,P0161
郵件語氣過於急迫,5,4,社交工程的心理技巧,3,P0162
"寄件者地址, 郵件語氣過於急迫, 按鈕網址",4,3,寄件者驗證,5,P0163
"寄件者地址, 郵件語氣過於急迫, 按鈕網址",4,5,社交工程的心理技巧,3,P0164
郵件語氣過於急迫,5,5,寄件者驗證,4,P0165
"寄件者地址, 郵件語氣過於急迫, 網頁或郵件設計不一致",3,2,寄件者驗證,4,P0166
按鈕網址,5,3,假網頁辨識,4,P0167
"寄件者地址, 按鈕網址, 內容用字或表達方式異常",4,4,URL/網域檢查,4,P0168
當下沒有特別察覺到可疑之處,3,5,寄件者驗證,3,P0169
郵件語氣過於急迫,2,4,社交工程的心理技巧,4,P0170
"郵件語氣過於急迫, 網頁或郵件設計不一致, 內容用字或表達方式異常",4,4,寄件者驗證,3,P0171
"寄件者地址, 郵件語氣過於急迫, 按鈕網址, 內容用字或表達方式異常",1,4,寄件者驗證,5,P0172
郵件語氣過於急迫,3,5,社交工程的心理技巧,4,P0173
"寄件者地址, 郵件語氣過於急迫, 按鈕網址, 網頁或郵件設計不一致, 內容用字或表達方式異常",4,5,寄件者驗證,3,P0174
"郵件語氣過於急迫, 網頁或郵件設計不一致",2,5,假網頁辨識,5,P0175
郵件語氣過於急迫,1,5,寄件者驗證,3,P0176
按鈕網址,3,5,URL/網域檢查,5,P0177
"郵件語氣過於急迫, 按鈕網址, 內容用字或表達方式異常",1,4,假網頁辨識,5,P0178
"郵件語氣過於急迫, 網頁或郵件設計不一致, 內容用字或表達方式異常",1,5,假網頁辨識,4,P0179
"郵件語氣過於急迫, 按鈕網址",3,5,URL/網域檢查,4,P0180
郵件語氣過於急迫,5,4,寄件者驗證,5,P0181
"寄件者地址, 郵件語氣過於急迫, 按鈕網址, 內容用字或表達方式異常",5,5,寄件者驗證,5,P0182
"郵件語氣過於急迫, 按鈕網址",1,5,假網頁辨識,4,P0183
郵件語氣過於急迫,3,3,假網頁辨識,3,P0184
"郵件語氣過於急迫, 按鈕網址",5,5,假網頁辨識,5,P0185
寄件者地址,5,4,社交工程的心理技巧,5,P0186
"郵件語氣過於急迫, 按鈕網址, 網頁或郵件設計不一致",4,5,社交工程的心理技巧,4,P0187
"按鈕網址, 網頁或郵件設計不一致",4,4,寄件者驗證,4,P0188
"郵件語氣過於急迫, 按鈕網址",4,4,假網頁辨識,4,P0189
"寄件者地址, 郵件語氣過於急迫, 內容用字或表達方式異常",2,4,URL/網域檢查,4,P0190
"寄件者地址, 按鈕網址",4,4,URL/網域檢查,4,P0191
"寄件者地址, 郵件語氣過於急迫, 按鈕網址",4,5,社交工程的心理技巧,4,P0192
按鈕網址,3,5,寄件者驗證,4,P0193
"寄件者地址, 按鈕網址, 內容用字或表達方式異常",3,4,URL/網域檢查,1,P0194
寄件者地址,2,5,社交工程的心理技巧,3,P0195
"寄件者地址, 郵件語氣過於急迫, 按鈕網址",3,4,假網頁辨識,3,P0196
"郵件語氣過於急迫, 按鈕網址",3,3,寄件者驗證,4,P0197
"寄件者地址, 郵件語氣過於急迫, 按鈕網址",2,5,寄件者驗證,5,P0198
"按鈕網址, 網頁或郵件設計不一致",2,5,假網頁辨識,5,P0199
按鈕網址,2,5,URL/網域檢查,4,P0200
按鈕網址,1,4,URL/網域檢查,5,P0201
寄件者地址,4,5,URL/網域檢查,3,P0202
當下沒有特別察覺到可疑之處,1,5,假網頁辨識,5,P0203
寄件者地址,4,4,社交工程的心理技巧,5,P0204
"郵件語氣過於急迫, 按鈕網址, 內容用字或表達方式異常",1,5,URL/網域檢查,4,P0205
寄件者地址,5,5,寄件者驗證,5,P0206
"寄件者地址, 郵件語氣過於急迫, 按鈕網址",4,5,寄件者驗證,3,P0207
"寄件者地址, 郵件語氣過於急迫",4,3,寄件者驗證,4,P0208
內容用字或表達方式異常,4,4,URL/網域檢查,4,P0209
